{
    "1": [
        2390,
        2281
    ],
    "2": [
        2001,
        2411
    ],
    "3": [
        2217,
        2236
    ],
    "4": [
        2325,
        2045
    ],
    "5": [
        2313,
        1796
    ],
    "6": [
        2555,
        1680
    ],
    "7": [
        2660,
        1475
    ],
    "8": [
        2717,
        1283
    ],
    "9": [
        3048,
        1405
    ],
    "10": [
        3325,
        1368
    ],
    "11": [
        3441,
        1618
    ],
    "12": [
        3318,
        1837
    ],
    "13": [
        3228,
        2000
    ],
    "14": [
        3105,
        2229
    ],
    "15": [
        2667,
        2328
    ],
    "16": [
        2808,
        2455
    ],
    "17": [
        2388,
        2782
    ],
    "18": [
        2227,
        2977
    ],
    "19": [
        2230,
        2775
    ],
    "20": [
        2124,
        2993
    ],
    "21": [
        2025,
        2989
    ],
    "22": [
        2059,
        2760
    ],
    "23": [
        1872,
        3006
    ],
    "24": [
        1804,
        3010
    ],
    "25": [
        1823,
        2734
    ],
    "26": [
        1713,
        2656
    ],
    "27": [
        1503,
        2674
    ],
    "28": [
        1399,
        2628
    ],
    "29": [
        1545,
        2399
    ],
    "30": [
        1276,
        2350
    ],
    "31": [
        1321,
        2132
    ],
    "32": [
        1783,
        2175
    ],
    "33": [
        1909,
        2041
    ],
    "34": [
        1525,
        1916
    ],
    "35": [
        1699,
        2004
    ],
    "36": [
        1851,
        1831
    ],
    "37": [
        2118,
        1889
    ],
    "38": [
        1619,
        1772
    ],
    "39": [
        1546,
        1483
    ],
    "40": [
        1974,
        1688
    ],
    "41": [
        1906,
        1391
    ],
    "42": [
        2221,
        1446
    ],
    "43": [
        1365,
        3075
    ],
    "44": [
        1221,
        2898
    ],
    "45": [
        1149,
        2722
    ],
    "46": [
        1064,
        2589
    ],
    "47": [
        159,
        2273
    ],
    "48": [
        452,
        2068
    ],
    "49": [
        834,
        1597
    ],
    "50": [
        913,
        1014
    ],
    "51": [
        1010,
        1389
    ],
    "52": [
        510,
        946
    ],
    "53": [
        511,
        600
    ],
    "54": [
        954,
        625
    ],
    "55": [
        1104,
        467
    ],
    "56": [
        1132,
        572
    ],
    "57": [
        1165,
        666
    ],
    "58": [
        911,
        518
    ],
    "59": [
        1268,
        1288
    ],
    "60": [
        1478,
        1304
    ],
    "61": [
        1604,
        1273
    ],
    "62": [
        2052,
        1137
    ],
    "63": [
        1766,
        1235
    ],
    "64": [
        2300,
        980
    ],
    "65": [
        2696,
        1067
    ],
    "66": [
        2699,
        780
    ],
    "67": [
        2594,
        710
    ],
    "68": [
        2888,
        871
    ],
    "69": [
        3090,
        741
    ],
    "70": [
        3272,
        817
    ],
    "71": [
        3199,
        1110
    ],
    "72": [
        3553,
        1092
    ],
    "73": [
        3666,
        957
    ],
    "74": [
        3588,
        757
    ],
    "75": [
        3747,
        480
    ],
    "76": [
        2304,
        731
    ],
    "77": [
        2122,
        724
    ],
    "78": [
        4815,
        357
    ],
    "79": [
        4780,
        821
    ],
    "80": [
        4651,
        1070
    ],
    "81": [
        4196,
        1322
    ],
    "82": [
        4068,
        1430
    ],
    "83": [
        4081,
        1627
    ],
    "84": [
        4002,
        1725
    ],
    "85": [
        3784,
        1969
    ],
    "86": [
        3774,
        2083
    ],
    "87": [
        3595,
        2259
    ],
    "88": [
        3533,
        2400
    ],
    "89": [
        3466,
        2540
    ],
    "90": [
        4101,
        2803
    ],
    "91": [
        3588,
        2966
    ],
    "92": [
        3153,
        2731
    ],
    "93": [
        2914,
        518
    ],
    "94": [
        238,
        3022
    ],
    "95": [
        476,
        3054
    ],
    "96": [
        3875,
        1038
    ],
    "97": [
        3783,
        902
    ],
    "98": [
        3763,
        796
    ],
    "99": [
        3875,
        743
    ],
    "100": [
        1375,
        1630
    ],
    "101": [
        1255,
        1607
    ]
}